{
  "fragment/Footer.fragment.xml": 1734446814715,
  "controller/App.controller.js": 1734516529161,
  "model/models.js": 1734445642164,
  "libs/axios.min.js": 1734445642164,
  "controller/Enrollment.controller.js": 1734613080480,
  "controller/ConsentFormEntryPoint.controller.js": 1734516529161,
  "controller/ConsentForm.controller.js": 1734613080480,
  "controller/Confirmation.controller.js": 1734516529161,
  "controller/BaseController.js": 1734516529161,
  "variable/GlobalInputValues.js": 1734446935328,
  "manifest.json": 1734628980023,
  "Component.js": 1734516529089,
  "controller/ConsentForm-dbg.controller.js": 1734613080480,
  "controller/ConsentForm.controller.js.map": 1734628980441,
  "model/models-dbg.js": 1734445642164,
  "model/models.js.map": 1734628980337,
  "libs/axios.min-dbg.js": 1734445642164,
  "libs/axios.min.js.map": 1734628980796,
  "controller/Enrollment-dbg.controller.js": 1734613080480,
  "controller/Enrollment.controller.js.map": 1734628980501,
  "controller/ConsentFormEntryPoint-dbg.controller.js": 1734516529161,
  "controller/ConsentFormEntryPoint.controller.js.map": 1734628980413,
  "controller/App-dbg.controller.js": 1734516529161,
  "controller/App.controller.js.map": 1734628980350,
  "controller/Confirmation-dbg.controller.js": 1734516529161,
  "controller/Confirmation.controller.js.map": 1734628980365,
  "controller/BaseController-dbg.js": 1734516529161,
  "controller/BaseController.js.map": 1734628980395,
  "variable/GlobalInputValues-dbg.js": 1734446935328,
  "variable/GlobalInputValues.js.map": 1734628980414,
  "Component-dbg.js": 1734516529089,
  "Component.js.map": 1734628980419,
  "Component-preload.js": 1734628981161,
  "Component-preload.js.map": 1734628981162,
  "view/Enrollment.view.xml": 1734516529161,
  "view/ConsentFormEntryPoint.view.xml": 1734516529313,
  "view/ConsentForm.view.xml": 1734516529089,
  "view/Confirmation.view.xml": 1734516529313,
  "view/App.view.xml": 1734516529089,
  "images/YouTube.png": 1734445642164,
  "images/X-Twitter.png": 1734445642164,
  "images/LinkedIn.png": 1734445642164,
  "images/Instagram.png": 1734445642164,
  "images/Facebook.png": 1734445642164,
  "images/DTE-logo.png": 1734445642164,
  "fragment/Header.fragment.xml": 1734445642164,
  "i18n/i18n.properties": 1734516529313,
  "fragment/Consentform.fragment.xml": 1734445642164,
  "fragment/Buildingdetail.fragment.xml": 1734613080480,
  "fragment/AuthAndRelease.fragment.xml": 1734613080480,
  "css/tenant-consent-form.css": 1734505095496,
  "css/style.css": 1734447221911,
  "css/landlord-enrollment-form.css": 1734505095496,
  "index.html": 1734589058617
}