{
  "images/YouTube.png": 1734065025754,
  "controller/App.controller.js": 1734065025750,
  "model/models.js": 1733935675121,
  "libs/axios.min.js": 1733935675121,
  "controller/Enrollment.controller.js": 1734065025750,
  "controller/ConsentFormEntryPoint.controller.js": 1734064955366,
  "controller/ConsentForm.controller.js": 1734025308650,
  "controller/Consent.controller.js": 1734065025750,
  "controller/Confirmation.controller.js": 1734065025750,
  "controller/BaseController.js": 1733935675121,
  "variable/GlobalInputValues.js": 1734065025758,
  "manifest.json": 1734067242947,
  "Component.js": 1733935675121,
  "controller/Confirmation-dbg.controller.js": 1734065025750,
  "controller/Confirmation.controller.js.map": 1734067243183,
  "model/models-dbg.js": 1733935675121,
  "model/models.js.map": 1734067243188,
  "libs/axios.min-dbg.js": 1733935675121,
  "libs/axios.min.js.map": 1734067243433,
  "controller/Enrollment-dbg.controller.js": 1734065025750,
  "controller/Enrollment.controller.js.map": 1734067243228,
  "controller/ConsentFormEntryPoint-dbg.controller.js": 1734064955366,
  "controller/ConsentFormEntryPoint.controller.js.map": 1734067243181,
  "controller/ConsentForm-dbg.controller.js": 1734025308650,
  "controller/ConsentForm.controller.js.map": 1734067243184,
  "controller/Consent-dbg.controller.js": 1734065025750,
  "controller/Consent.controller.js.map": 1734067243185,
  "controller/App-dbg.controller.js": 1734065025750,
  "controller/App.controller.js.map": 1734067243192,
  "controller/BaseController-dbg.js": 1733935675121,
  "controller/BaseController.js.map": 1734067243198,
  "variable/GlobalInputValues-dbg.js": 1734065025758,
  "variable/GlobalInputValues.js.map": 1734067243202,
  "Component-dbg.js": 1733935675121,
  "Component.js.map": 1734067243196,
  "Component-preload.js": 1734067243716,
  "Component-preload.js.map": 1734067243717,
  "view/Enrollment.view.xml": 1734065025758,
  "view/ConsentFormEntryPoint.view.xml": 1734025308654,
  "view/ConsentForm.view.xml": 1734025308654,
  "view/Consent.view.xml": 1734065025758,
  "view/Confirmation.view.xml": 1734065025758,
  "view/App.view.xml": 1734065025758,
  "i18n/i18n.properties": 1733935675121,
  "images/X-Twitter.png": 1734065025754,
  "images/LinkedIn.png": 1734065025754,
  "images/Instagram.png": 1734065025754,
  "images/Facebook.png": 1734065025754,
  "images/DTE-logo.png": 1734065025754,
  "fragment/Footer.fragment.xml": 1734065025754,
  "fragment/Consentform.fragment.xml": 1734067131717,
  "fragment/Buildingdetail.fragment.xml": 1734065025754,
  "fragment/AuthAndRelease.fragment.xml": 1734065025754,
  "css/style.css": 1734065025754,
  "css/landlord-enrollment-form.css": 1734065025754,
  "index.html": 1733935675121
}