{
  "fragment/AuthAndRelease.fragment.xml": 1734505095500,
  "controller/BaseController.js": 1734516529161,
  "model/models.js": 1734445642164,
  "libs/axios.min.js": 1734445642164,
  "controller/Enrollment.controller.js": 1734516529161,
  "controller/ConsentFormEntryPoint.controller.js": 1734516529161,
  "controller/ConsentForm.controller.js": 1734516529161,
  "controller/Confirmation.controller.js": 1734516529161,
  "variable/GlobalInputValues.js": 1734446935328,
  "controller/App.controller.js": 1734516529161,
  "manifest.json": 1734534247357,
  "Component.js": 1734516529089,
  "controller/Confirmation-dbg.controller.js": 1734516529161,
  "controller/Confirmation.controller.js.map": 1734534247577,
  "model/models-dbg.js": 1734445642164,
  "model/models.js.map": 1734534247582,
  "libs/axios.min-dbg.js": 1734445642164,
  "libs/axios.min.js.map": 1734534247907,
  "controller/Enrollment-dbg.controller.js": 1734516529161,
  "controller/Enrollment.controller.js.map": 1734534247695,
  "controller/ConsentFormEntryPoint-dbg.controller.js": 1734516529161,
  "controller/ConsentFormEntryPoint.controller.js.map": 1734534247586,
  "controller/ConsentForm-dbg.controller.js": 1734516529161,
  "controller/ConsentForm.controller.js.map": 1734534247662,
  "controller/BaseController-dbg.js": 1734516529161,
  "controller/BaseController.js.map": 1734534247644,
  "variable/GlobalInputValues-dbg.js": 1734446935328,
  "variable/GlobalInputValues.js.map": 1734534247649,
  "controller/App-dbg.controller.js": 1734516529161,
  "controller/App.controller.js.map": 1734534247652,
  "Component-dbg.js": 1734516529089,
  "Component.js.map": 1734534247653,
  "Component-preload.js": 1734534248127,
  "Component-preload.js.map": 1734534248128,
  "view/Enrollment.view.xml": 1734516529161,
  "view/ConsentFormEntryPoint.view.xml": 1734516529313,
  "view/ConsentForm.view.xml": 1734516529089,
  "view/Confirmation.view.xml": 1734516529313,
  "view/App.view.xml": 1734516529089,
  "images/YouTube.png": 1734445642164,
  "images/X-Twitter.png": 1734445642164,
  "images/LinkedIn.png": 1734445642164,
  "images/Instagram.png": 1734445642164,
  "images/Facebook.png": 1734445642164,
  "images/DTE-logo.png": 1734445642164,
  "fragment/Header.fragment.xml": 1734445642164,
  "fragment/Footer.fragment.xml": 1734446814715,
  "fragment/Consentform.fragment.xml": 1734445642164,
  "fragment/Buildingdetail.fragment.xml": 1734505095500,
  "i18n/i18n.properties": 1734516529313,
  "css/tenant-consent-form.css": 1734505095496,
  "css/style.css": 1734447221911,
  "css/landlord-enrollment-form.css": 1734505095496,
  "index.html": 1734516529089
}