{
  "controller/ConsentFormEntryPoint-dbg.controller.js": 1734014631213,
  "controller/BaseController.js": 1733889921308,
  "model/models.js": 1733889921308,
  "libs/axios.min.js": 1733889921308,
  "controller/Enrollment.controller.js": 1734093329320,
  "controller/ConsentFormEntryPoint.controller.js": 1734014631213,
  "controller/ConsentForm.controller.js": 1734014631213,
  "controller/Consent.controller.js": 1734093329320,
  "controller/Confirmation.controller.js": 1734093329320,
  "variable/GlobalInputValues.js": 1734093329320,
  "controller/App.controller.js": 1734093329320,
  "manifest.json": 1734096320238,
  "Component.js": 1733889921308,
  "model/models-dbg.js": 1733889921308,
  "model/models.js.map": 1734096320440,
  "controller/BaseController-dbg.js": 1733889921308,
  "controller/BaseController.js.map": 1734096320450,
  "libs/axios.min-dbg.js": 1733889921308,
  "libs/axios.min.js.map": 1734096320743,
  "controller/Enrollment-dbg.controller.js": 1734093329320,
  "controller/Enrollment.controller.js.map": 1734096320541,
  "i18n/i18n.properties": 1733889921308,
  "controller/ConsentFormEntryPoint.controller.js.map": 1734096320449,
  "controller/ConsentForm-dbg.controller.js": 1734014631213,
  "controller/ConsentForm.controller.js.map": 1734096320442,
  "controller/Consent-dbg.controller.js": 1734093329320,
  "controller/Consent.controller.js.map": 1734096320445,
  "controller/Confirmation-dbg.controller.js": 1734093329320,
  "controller/Confirmation.controller.js.map": 1734096320457,
  "variable/GlobalInputValues-dbg.js": 1734093329320,
  "variable/GlobalInputValues.js.map": 1734096320464,
  "controller/App-dbg.controller.js": 1734093329320,
  "controller/App.controller.js.map": 1734096320471,
  "Component-dbg.js": 1733889921308,
  "Component.js.map": 1734096320461,
  "Component-preload.js": 1734096320967,
  "Component-preload.js.map": 1734096320967,
  "view/Enrollment.view.xml": 1734093329324,
  "view/ConsentFormEntryPoint.view.xml": 1734014631213,
  "view/ConsentForm.view.xml": 1734014631213,
  "view/Consent.view.xml": 1734093329324,
  "view/Confirmation.view.xml": 1734093329324,
  "view/App.view.xml": 1734093329324,
  "fragment/Footer.fragment.xml": 1734093329320,
  "fragment/Consentform.fragment.xml": 1734093329320,
  "fragment/Buildingdetail.fragment.xml": 1734093329320,
  "fragment/AuthAndRelease.fragment.xml": 1734093329320,
  "images/YouTube.png": 1734093329320,
  "images/X-Twitter.png": 1734093329320,
  "images/LinkedIn.png": 1734093329320,
  "images/Instagram.png": 1734093329320,
  "images/Facebook.png": 1734093329320,
  "images/DTE-logo.png": 1734093329320,
  "css/style.css": 1734093329320,
  "css/landlord-enrollment-form.css": 1734093329320,
  "index.html": 1734091150143
}