{
  "Component-preload.js.map": 1733500780786,
  "controller/View1.controller.js": 1733491980142,
  "libs/axios.min.js": 1733491980142,
  "model/models.js": 1733491980142,
  "controller/Landlord.controller.js": 1733496149874,
  "controller/BaseController.js": 1733494175855,
  "controller/App.controller.js": 1733491980142,
  "manifest.json": 1733500780299,
  "Component.js": 1733491980142,
  "libs/axios.min-dbg.js": 1733491980142,
  "libs/axios.min.js.map": 1733500780650,
  "controller/View1-dbg.controller.js": 1733491980142,
  "controller/View1.controller.js.map": 1733500780471,
  "model/models-dbg.js": 1733491980142,
  "model/models.js.map": 1733500780469,
  "controller/Landlord-dbg.controller.js": 1733496149874,
  "controller/Landlord.controller.js.map": 1733500780472,
  "controller/BaseController-dbg.js": 1733494175855,
  "controller/BaseController.js.map": 1733500780472,
  "controller/App-dbg.controller.js": 1733491980142,
  "controller/App.controller.js.map": 1733500780471,
  "Component-dbg.js": 1733491980142,
  "Component.js.map": 1733500780473,
  "Component-preload.js": 1733500780786,
  "i18n/i18n.properties": 1733491980142,
  "view/View1.view.xml": 1733491980142,
  "view/Landlord.view.xml": 1733491980142,
  "view/App.view.xml": 1733491980142,
  "css/style.css": 1733491980142,
  "index.html": 1733491980142
}