{
  "fragment/Buildingdetail.fragment.xml": 1733680030226,
  "controller/Landlord.controller.js": 1733680955772,
  "model/models.js": 1733581886825,
  "controller/View1.controller.js": 1733581886825,
  "libs/axios.min.js": 1733581886825,
  "controller/BaseController.js": 1733581886825,
  "controller/App.controller.js": 1733581886825,
  "manifest.json": 1733715692774,
  "Component.js": 1733581886825,
  "libs/axios.min-dbg.js": 1733581886825,
  "libs/axios.min.js.map": 1733715693084,
  "model/models-dbg.js": 1733581886825,
  "model/models.js.map": 1733715692906,
  "controller/View1-dbg.controller.js": 1733581886825,
  "controller/View1.controller.js.map": 1733715692889,
  "controller/Landlord-dbg.controller.js": 1733680955772,
  "controller/Landlord.controller.js.map": 1733715692960,
  "controller/BaseController-dbg.js": 1733581886825,
  "controller/BaseController.js.map": 1733715692954,
  "controller/App-dbg.controller.js": 1733581886825,
  "controller/App.controller.js.map": 1733715692891,
  "Component-dbg.js": 1733581886825,
  "Component.js.map": 1733715692896,
  "Component-preload.js": 1733715693233,
  "Component-preload.js.map": 1733715693233,
  "view/View1.view.xml": 1733642371065,
  "view/Landlord.view.xml": 1733671795805,
  "view/App.view.xml": 1733581886825,
  "i18n/i18n.properties": 1733581886825,
  "css/style.css": 1733581886825,
  "index.html": 1733581886825
}