{
  "Component-preload.js": 1733489729437,
  "model/models.js": 1733470573919,
  "libs/axios.min.js": 1732728724188,
  "controller/View1.controller.js": 1733485584905,
  "controller/Landlord.controller.js": 1733485841853,
  "controller/App.controller.js": 1733470573919,
  "manifest.json": 1733489729062,
  "Component.js": 1733470573915,
  "Component-dbg.js": 1733470573915,
  "Component.js.map": 1733489729191,
  "libs/axios.min-dbg.js": 1732728724188,
  "libs/axios.min.js.map": 1733489729333,
  "controller/View1-dbg.controller.js": 1733485584905,
  "controller/View1.controller.js.map": 1733489729189,
  "controller/Landlord-dbg.controller.js": 1733485841853,
  "controller/Landlord.controller.js.map": 1733489729193,
  "controller/App-dbg.controller.js": 1733470573919,
  "controller/App.controller.js.map": 1733489729189,
  "model/models-dbg.js": 1733470573919,
  "model/models.js.map": 1733489729192,
  "i18n/i18n.properties": 1733470573919,
  "Component-preload.js.map": 1733489729437,
  "view/View1.view.xml": 1733485212441,
  "view/Landlord.view.xml": 1733485687233,
  "view/App.view.xml": 1733470573923,
  "css/style.css": 1733470573923,
  "index.html": 1733470573915
}